{
	"Name": "Kwairk Helly",
	"Author": "Camshaft Software LTD",
	"Type": "Automation",
	"ExporterVersion": 210705,
	"AutomationVersion": 2107059968,
	"Weight": 1159,
	"Power": 118,
	"Torque": 270,
	"Years": {
		"min": 2009,
		"max": 2009
	},
	"Drivetrain": "FWD",
	"Transmission": "Automatic",
	"Propulsion": "ICE",
	"Fuel Type": "Gasoline",
	"defaultPaintName1": "Default1",
	"paints": {
		"Default1": {
			"baseColor": [ 0.388235, 0.388235, 0.388235, 1 ],
			"clearcoat": 0,
			"clearcoatRoughness": 0,
			"metallic": 0,
			"roughness": 0.74
		},
		"Black": {
			"baseColor": [ 0.01, 0.01, 0.01, 2 ],
			"clearcoat": 0,
			"clearcoatRoughness": 0,
			"metallic": 0,
			"roughness": 0.74
		},
		"White": {
			"baseColor": [ 1, 1, 1, 2 ],
			"clearcoat": 0,
			"clearcoatRoughness": 0,
			"metallic": 0,
			"roughness": 0.74
		},
		"Red": {
			"baseColor": [ 0.7, 0.1, 0.1, 2 ],
			"clearcoat": 0,
			"clearcoatRoughness": 0,
			"metallic": 0,
			"roughness": 0.74
		},
		"Blue": {
			"baseColor": [ 0.1, 0.2, 0.4, 2 ],
			"clearcoat": 0,
			"clearcoatRoughness": 0,
			"metallic": 0,
			"roughness": 0.74
		}
	}
}
