{
	"material_0_kwairk_helly_kwairk_helly_body0": {
		"name": "material_0_kwairk_helly_kwairk_helly_body0",
		"class": "Material",
		"mapTo": "material_0_kwairk_helly_kwairk_helly_body0",
		"Stages": [
			{
				"normalMap": "camso_col_0xff8080ff.dds",
				"opacityMap": "_91_kwairk_helly_stamp0.dds",
				"opacityMapUseUV": 1,
				"instanceDiffuse": true,
				"colorPaletteMap": "camso_col_0xffff0000.dds",
				"roughnessFactor": 1,
				"metallicFactor": 1,
				"diffuseColor": [ 1, 1, 1, 1 ],
				"useAnisotropic": true
			},
			{
			},
			{
			},
			{
			}
		],
		"alphaRef": 1,
		"alphaTest": true,
		"translucent": false,
		"translucentBlendOp": "None",
		"doubleSided": true,
		"invertBackFaceNormals": true,
		"dynamicCubemap": true,
		"activeLayers": 1,
		"materialTag0": "beamng",
		"order_simset": 0,
		"version": 1.5
	},
	"material_1_kwairk_helly_kwairk_helly_body0": {
		"name": "material_1_kwairk_helly_kwairk_helly_body0",
		"class": "Material",
		"mapTo": "material_1_kwairk_helly_kwairk_helly_body0",
		"Stages": [
			{
				"normalMap": "camso_col_0xff8080ff.dds",
				"opacityMap": "_91_kwairk_helly_stamp0.dds",
				"opacityMapUseUV": 1,
				"diffuseColor": [ 0.0627451, 0.0627451, 0.0627451, 1 ],
				"roughnessFactor": 0,
				"metallicFactor": 0,
				"useAnisotropic": true
			},
			{
			},
			{
			},
			{
			}
		],
		"alphaRef": 1,
		"alphaTest": true,
		"translucent": false,
		"translucentBlendOp": "None",
		"doubleSided": true,
		"invertBackFaceNormals": true,
		"dynamicCubemap": true,
		"activeLayers": 1,
		"materialTag0": "beamng",
		"order_simset": 0,
		"version": 1.5
	},
	"material_2_kwairk_helly_kwairk_helly_body0": {
		"name": "material_2_kwairk_helly_kwairk_helly_body0",
		"class": "Material",
		"mapTo": "material_2_kwairk_helly_kwairk_helly_body0",
		"Stages": [
			{
				"normalMap": "camso_col_0xff8080ff.dds",
				"diffuseColor": [ 1, 0, 0, 1 ],
				"roughnessFactor": 0,
				"metallicFactor": 1
			},
			{
			},
			{
			},
			{
			}
		],
		"alphaRef": 1,
		"alphaTest": true,
		"translucent": false,
		"translucentBlendOp": "None",
		"doubleSided": true,
		"invertBackFaceNormals": true,
		"dynamicCubemap": true,
		"activeLayers": 1,
		"materialTag0": "beamng",
		"order_simset": 0,
		"version": 1.5
	},
	"material_3_kwairk_helly_kwairk_helly_body0": {
		"name": "material_3_kwairk_helly_kwairk_helly_body0",
		"class": "Material",
		"mapTo": "material_3_kwairk_helly_kwairk_helly_body0",
		"Stages": [
			{
				"normalMap": "camso_col_0xff8080ff.dds",
				"opacityMap": "_91_kwairk_helly_stamp0.dds",
				"opacityMapUseUV": 1,
				"diffuseColor": [ 0.00392157, 0.101961, 0.0862745, 1 ],
				"roughnessFactor": 0,
				"metallicFactor": 1,
				"opacityFactor": 1,
				"useAnisotropic": true
			},
			{
			},
			{
			},
			{
			}
		],
		"alphaRef": 1,
		"alphaTest": true,
		"translucent": true,
		"translucentBlendOp": "PreMulAlpha",
		"translucentZWrite": false,
		"castShadows": false,
		"translucentRecvShadows": true,
		"dynamicCubemap": true,
		"activeLayers": 1,
		"materialTag0": "beamng",
		"order_simset": 0,
		"version": 1.5
	},
	"material_4_kwairk_helly_kwairk_helly_body0": {
		"name": "material_4_kwairk_helly_kwairk_helly_body0",
		"class": "Material",
		"mapTo": "material_4_kwairk_helly_kwairk_helly_body0",
		"Stages": [
			{
				"normalMap": "camso_col_0xff8080ff.dds",
				"clearCoatFactor": 1,
				"clearCoatRoughnessFactor": 0,
				"diffuseColor": [ 1, 0, 0, 1 ],
				"roughnessFactor": 0.35,
				"metallicFactor": 1
			},
			{
			},
			{
			},
			{
			}
		],
		"alphaRef": 1,
		"alphaTest": true,
		"translucent": false,
		"translucentBlendOp": "None",
		"doubleSided": true,
		"invertBackFaceNormals": true,
		"dynamicCubemap": true,
		"activeLayers": 1,
		"materialTag0": "beamng",
		"order_simset": 0,
		"version": 1.5
	},
	"material_5_kwairk_helly_chassis1": {
		"name": "material_5_kwairk_helly_chassis1",
		"class": "Material",
		"mapTo": "material_5_kwairk_helly_chassis1",
		"Stages": [
			{
				"normalMap": "camso_col_0xff8080ff.dds",
				"diffuseColor": [ 0.560784, 0.560784, 0.560784, 1 ],
				"roughnessFactor": 0.2,
				"metallicFactor": 1
			},
			{
			},
			{
			},
			{
			}
		],
		"alphaRef": 1,
		"alphaTest": true,
		"translucent": false,
		"translucentBlendOp": "None",
		"doubleSided": true,
		"invertBackFaceNormals": true,
		"dynamicCubemap": true,
		"activeLayers": 1,
		"materialTag0": "beamng",
		"order_simset": 0,
		"version": 1.5
	},
	"material_6_kwairk_helly_temp2": {
		"name": "material_6_kwairk_helly_temp2",
		"class": "Material",
		"mapTo": "material_6_kwairk_helly_temp2",
		"Stages": [
			{
				"normalMap": "camso_t_noise_n.dds",
				"diffuseColor": [ 1, 1, 1, 1 ],
				"roughnessFactor": 0,
				"metallicFactor": 0,
				"useAnisotropic": true
			},
			{
			},
			{
			},
			{
			}
		],
		"alphaRef": 1,
		"alphaTest": true,
		"translucent": false,
		"translucentBlendOp": "None",
		"doubleSided": true,
		"invertBackFaceNormals": true,
		"dynamicCubemap": true,
		"activeLayers": 1,
		"materialTag0": "beamng",
		"order_simset": 0,
		"version": 1.5
	},
	"material_7_kwairk_helly_temp2": {
		"name": "material_7_kwairk_helly_temp2",
		"class": "Material",
		"mapTo": "material_7_kwairk_helly_temp2",
		"Stages": [
			{
				"normalMap": "camso_col_0xff8080ff.dds",
				"diffuseColor": [ 0.0470588, 0.0470588, 0.0470588, 0 ],
				"roughnessFactor": 0,
				"metallicFactor": 0
			},
			{
			},
			{
			},
			{
			}
		],
		"alphaRef": 1,
		"alphaTest": true,
		"translucent": false,
		"translucentBlendOp": "None",
		"dynamicCubemap": true,
		"activeLayers": 1,
		"materialTag0": "beamng",
		"order_simset": 0,
		"version": 1.5
	},
	"material_8_kwairk_helly_tyre_f2": {
		"name": "material_8_kwairk_helly_tyre_f2",
		"class": "Material",
		"mapTo": "material_8_kwairk_helly_tyre_f2",
		"Stages": [
			{
				"normalMap": "camso_tyremedium_tread_normal.dds",
				"diffuseColor": [ 0.12549, 0.12549, 0.12549, 1 ],
				"roughnessFactor": 0.4,
				"metallicFactor": 0,
				"useAnisotropic": true
			},
			{
			},
			{
			},
			{
			}
		],
		"alphaRef": 1,
		"alphaTest": true,
		"translucent": false,
		"translucentBlendOp": "None",
		"dynamicCubemap": true,
		"activeLayers": 1,
		"materialTag0": "beamng",
		"order_simset": 0,
		"version": 1.5
	},
	"material_9_kwairk_helly_tyre_f2": {
		"name": "material_9_kwairk_helly_tyre_f2",
		"class": "Material",
		"mapTo": "material_9_kwairk_helly_tyre_f2",
		"Stages": [
			{
				"normalMap": "camso_tyremedium_sidewall_normal.dds",
				"diffuseColor": [ 0.12549, 0.12549, 0.12549, 1 ],
				"roughnessFactor": 0.4,
				"metallicFactor": 0,
				"useAnisotropic": true
			},
			{
			},
			{
			},
			{
			}
		],
		"alphaRef": 1,
		"alphaTest": true,
		"translucent": false,
		"translucentBlendOp": "None",
		"dynamicCubemap": true,
		"activeLayers": 1,
		"materialTag0": "beamng",
		"order_simset": 0,
		"version": 1.5
	},
	"material_10_kwairk_helly_tyre_f2": {
		"name": "material_10_kwairk_helly_tyre_f2",
		"class": "Material",
		"mapTo": "material_10_kwairk_helly_tyre_f2",
		"Stages": [
			{
				"normalMap": "camso_col_0xff8080ff.dds",
				"diffuseColor": [ 0.74902, 0.756863, 0.74902, 1 ],
				"roughnessFactor": 0.2,
				"metallicFactor": 1
			},
			{
			},
			{
			},
			{
			}
		],
		"alphaRef": 1,
		"alphaTest": true,
		"translucent": false,
		"translucentBlendOp": "None",
		"doubleSided": true,
		"invertBackFaceNormals": true,
		"dynamicCubemap": true,
		"activeLayers": 1,
		"materialTag0": "beamng",
		"order_simset": 0,
		"version": 1.5
	},
	"material_11_kwairk_helly_wheel_f3": {
		"name": "material_11_kwairk_helly_wheel_f3",
		"class": "Material",
		"mapTo": "material_11_kwairk_helly_wheel_f3",
		"Stages": [
			{
				"normalMap": "camso_col_0xff8080ff.dds",
				"diffuseColor": [ 0.74902, 0.756863, 0.74902, 1 ],
				"roughnessFactor": 0.2,
				"metallicFactor": 1
			},
			{
			},
			{
			},
			{
			}
		],
		"alphaRef": 1,
		"alphaTest": true,
		"translucent": false,
		"translucentBlendOp": "None",
		"doubleSided": true,
		"invertBackFaceNormals": true,
		"dynamicCubemap": true,
		"activeLayers": 1,
		"materialTag0": "beamng",
		"order_simset": 0,
		"version": 1.5
	},
	"material_12_kwairk_helly_suspension_f4": {
		"name": "material_12_kwairk_helly_suspension_f4",
		"class": "Material",
		"mapTo": "material_12_kwairk_helly_suspension_f4",
		"Stages": [
			{
				"normalMap": "camso_col_0xff8080ff.dds",
				"diffuseColor": [ 0.596078, 0.596078, 0.596078, 1 ],
				"roughnessFactor": 0.9,
				"metallicFactor": 0.4
			},
			{
			},
			{
			},
			{
			}
		],
		"alphaRef": 1,
		"alphaTest": true,
		"translucent": false,
		"translucentBlendOp": "None",
		"doubleSided": true,
		"invertBackFaceNormals": true,
		"dynamicCubemap": true,
		"activeLayers": 1,
		"materialTag0": "beamng",
		"order_simset": 0,
		"version": 1.5
	},
	"material_13_kwairk_helly_suspension_f4": {
		"name": "material_13_kwairk_helly_suspension_f4",
		"class": "Material",
		"mapTo": "material_13_kwairk_helly_suspension_f4",
		"Stages": [
			{
				"normalMap": "camso_col_0xff8080ff.dds",
				"diffuseColor": [ 0.662745, 0.568627, 0.113725, 0 ],
				"roughnessFactor": 0.3,
				"metallicFactor": 0
			},
			{
			},
			{
			},
			{
			}
		],
		"alphaRef": 1,
		"alphaTest": true,
		"translucent": false,
		"translucentBlendOp": "None",
		"doubleSided": true,
		"invertBackFaceNormals": true,
		"dynamicCubemap": true,
		"activeLayers": 1,
		"materialTag0": "beamng",
		"order_simset": 0,
		"version": 1.5
	},
	"material_14_kwairk_helly_suspension_f4": {
		"name": "material_14_kwairk_helly_suspension_f4",
		"class": "Material",
		"mapTo": "material_14_kwairk_helly_suspension_f4",
		"Stages": [
			{
				"normalMap": "camso_col_0xff8080ff.dds",
				"diffuseColor": [ 0.517647, 0, 0, 0 ],
				"roughnessFactor": 0.3,
				"metallicFactor": 0
			},
			{
			},
			{
			},
			{
			}
		],
		"alphaRef": 1,
		"alphaTest": true,
		"translucent": false,
		"translucentBlendOp": "None",
		"doubleSided": true,
		"invertBackFaceNormals": true,
		"dynamicCubemap": true,
		"activeLayers": 1,
		"materialTag0": "beamng",
		"order_simset": 0,
		"version": 1.5
	},
	"material_15_kwairk_helly_brakecaliper_f5": {
		"name": "material_15_kwairk_helly_brakecaliper_f5",
		"class": "Material",
		"mapTo": "material_15_kwairk_helly_brakecaliper_f5",
		"Stages": [
			{
				"normalMap": "camso_col_0xff8080ff.dds",
				"clearCoatFactor": 1,
				"clearCoatRoughnessFactor": 0,
				"diffuseColor": [ 1, 0, 0, 1 ],
				"roughnessFactor": 0.35,
				"metallicFactor": 1
			},
			{
			},
			{
			},
			{
			}
		],
		"alphaRef": 1,
		"alphaTest": true,
		"translucent": false,
		"translucentBlendOp": "None",
		"doubleSided": true,
		"invertBackFaceNormals": true,
		"dynamicCubemap": true,
		"activeLayers": 1,
		"materialTag0": "beamng",
		"order_simset": 0,
		"version": 1.5
	},
	"material_16_kwairk_helly_brakecaliper_f5": {
		"name": "material_16_kwairk_helly_brakecaliper_f5",
		"class": "Material",
		"mapTo": "material_16_kwairk_helly_brakecaliper_f5",
		"Stages": [
			{
				"normalMap": "camso_col_0xff8080ff.dds",
				"diffuseColor": [ 0.0470588, 0.0470588, 0.0470588, 0 ],
				"roughnessFactor": 0,
				"metallicFactor": 0
			},
			{
			},
			{
			},
			{
			}
		],
		"alphaRef": 1,
		"alphaTest": true,
		"translucent": false,
		"translucentBlendOp": "None",
		"dynamicCubemap": true,
		"activeLayers": 1,
		"materialTag0": "beamng",
		"order_simset": 0,
		"version": 1.5
	},
	"material_17_kwairk_helly_brakecaliper_f5": {
		"name": "material_17_kwairk_helly_brakecaliper_f5",
		"class": "Material",
		"mapTo": "material_17_kwairk_helly_brakecaliper_f5",
		"Stages": [
			{
				"normalMap": "camso_boltnormal.dds",
				"diffuseColor": [ 0.709804, 0.670588, 0.611765, 1 ],
				"roughnessFactor": 0.4,
				"metallicFactor": 1,
				"useAnisotropic": true
			},
			{
			},
			{
			},
			{
			}
		],
		"alphaRef": 1,
		"alphaTest": true,
		"translucent": false,
		"translucentBlendOp": "None",
		"doubleSided": true,
		"invertBackFaceNormals": true,
		"dynamicCubemap": true,
		"activeLayers": 1,
		"materialTag0": "beamng",
		"order_simset": 0,
		"version": 1.5
	},
	"material_18_kwairk_helly_temp6": {
		"name": "material_18_kwairk_helly_temp6",
		"class": "Material",
		"mapTo": "material_18_kwairk_helly_temp6",
		"Stages": [
			{
				"normalMap": "camso_col_0xff8080ff.dds",
				"diffuseColor": [ 0.372549, 0.372549, 0.372549, 1 ],
				"roughnessFactor": 0.9,
				"metallicFactor": 0.4
			},
			{
			},
			{
			},
			{
			}
		],
		"alphaRef": 1,
		"alphaTest": true,
		"translucent": false,
		"translucentBlendOp": "None",
		"doubleSided": true,
		"invertBackFaceNormals": true,
		"dynamicCubemap": true,
		"activeLayers": 1,
		"materialTag0": "beamng",
		"order_simset": 0,
		"version": 1.5
	},
	"material_19_kwairk_helly_temp6": {
		"name": "material_19_kwairk_helly_temp6",
		"class": "Material",
		"mapTo": "material_19_kwairk_helly_temp6",
		"Stages": [
			{
				"normalMap": "camso_col_0xff8080ff.dds",
				"diffuseColor": [ 0.737255, 0.737255, 0.737255, 1 ],
				"roughnessFactor": 0.25,
				"metallicFactor": 1
			},
			{
			},
			{
			},
			{
			}
		],
		"alphaRef": 1,
		"alphaTest": true,
		"translucent": false,
		"translucentBlendOp": "None",
		"doubleSided": true,
		"invertBackFaceNormals": true,
		"dynamicCubemap": true,
		"activeLayers": 1,
		"materialTag0": "beamng",
		"order_simset": 0,
		"version": 1.5
	},
	"material_20_kwairk_helly_temp6": {
		"name": "material_20_kwairk_helly_temp6",
		"class": "Material",
		"mapTo": "material_20_kwairk_helly_temp6",
		"Stages": [
			{
				"normalMap": "camso_col_0xff8080ff.dds",
				"diffuseColor": [ 0.94902, 0.854902, 0.639216, 1 ],
				"roughnessFactor": 0.2,
				"metallicFactor": 1
			},
			{
			},
			{
			},
			{
			}
		],
		"alphaRef": 1,
		"alphaTest": true,
		"translucent": false,
		"translucentBlendOp": "None",
		"doubleSided": true,
		"invertBackFaceNormals": true,
		"dynamicCubemap": true,
		"activeLayers": 1,
		"materialTag0": "beamng",
		"order_simset": 0,
		"version": 1.5
	},
	"material_21_kwairk_helly_suspension_r9": {
		"name": "material_21_kwairk_helly_suspension_r9",
		"class": "Material",
		"mapTo": "material_21_kwairk_helly_suspension_r9",
		"Stages": [
			{
				"normalMap": "camso_col_0xff8080ff.dds",
				"diffuseColor": [ 0.737255, 0.737255, 0.737255, 1 ],
				"roughnessFactor": 0.25,
				"metallicFactor": 1
			},
			{
			},
			{
			},
			{
			}
		],
		"alphaRef": 1,
		"alphaTest": true,
		"translucent": false,
		"translucentBlendOp": "None",
		"doubleSided": true,
		"invertBackFaceNormals": true,
		"dynamicCubemap": true,
		"activeLayers": 1,
		"materialTag0": "beamng",
		"order_simset": 0,
		"version": 1.5
	},
	"material_22_kwairk_helly_suspension_r9": {
		"name": "material_22_kwairk_helly_suspension_r9",
		"class": "Material",
		"mapTo": "material_22_kwairk_helly_suspension_r9",
		"Stages": [
			{
				"normalMap": "camso_boltnormal.dds",
				"diffuseColor": [ 0.709804, 0.670588, 0.611765, 1 ],
				"roughnessFactor": 0.4,
				"metallicFactor": 1,
				"useAnisotropic": true
			},
			{
			},
			{
			},
			{
			}
		],
		"alphaRef": 1,
		"alphaTest": true,
		"translucent": false,
		"translucentBlendOp": "None",
		"doubleSided": true,
		"invertBackFaceNormals": true,
		"dynamicCubemap": true,
		"activeLayers": 1,
		"materialTag0": "beamng",
		"order_simset": 0,
		"version": 1.5
	},
	"material_23_kwairk_helly_temp12": {
		"name": "material_23_kwairk_helly_temp12",
		"class": "Material",
		"mapTo": "material_23_kwairk_helly_temp12",
		"Stages": [
			{
				"normalMap": "camso_col_0xff8080ff.dds",
				"instanceDiffuse": true,
				"colorPaletteMap": "camso_col_0xffff0000.dds",
				"roughnessFactor": 1,
				"metallicFactor": 1,
				"diffuseColor": [ 1, 1, 1, 1 ]
			},
			{
			},
			{
			},
			{
			}
		],
		"alphaRef": 1,
		"alphaTest": true,
		"translucent": false,
		"translucentBlendOp": "None",
		"doubleSided": true,
		"invertBackFaceNormals": true,
		"dynamicCubemap": true,
		"activeLayers": 1,
		"materialTag0": "beamng",
		"order_simset": 0,
		"version": 1.5
	},
	"material_24_kwairk_helly_temp12": {
		"name": "material_24_kwairk_helly_temp12",
		"class": "Material",
		"mapTo": "material_24_kwairk_helly_temp12",
		"Stages": [
			{
				"normalMap": "camso_t_blanknormal.dds",
				"diffuseColor": [ 0.984314, 0.988235, 0.988235, 0.298039 ],
				"roughnessFactor": 0,
				"metallicFactor": 1,
				"opacityFactor": 0.298039,
				"useAnisotropic": true
			},
			{
			},
			{
			},
			{
			}
		],
		"alphaRef": 1,
		"alphaTest": true,
		"translucent": true,
		"translucentBlendOp": "AddAlpha",
		"translucentZWrite": false,
		"castShadows": false,
		"translucentRecvShadows": true,
		"dynamicCubemap": true,
		"activeLayers": 1,
		"materialTag0": "beamng",
		"order_simset": 0,
		"version": 1.5
	},
	"material_24_kwairk_helly_temp12_off": {
		"name": "material_24_kwairk_helly_temp12_off",
		"class": "Material",
		"mapTo": "material_24_kwairk_helly_temp12_off",
		"Stages": [
			{
				"normalMap": "camso_t_blanknormal.dds",
				"diffuseColor": [ 0.984314, 0.988235, 0.988235, 0.298039 ],
				"roughnessFactor": 0,
				"metallicFactor": 1,
				"opacityFactor": 0.298039,
				"useAnisotropic": true
			},
			{
			},
			{
			},
			{
			}
		],
		"alphaRef": 1,
		"alphaTest": true,
		"translucent": true,
		"translucentBlendOp": "AddAlpha",
		"translucentZWrite": false,
		"castShadows": false,
		"translucentRecvShadows": true,
		"dynamicCubemap": true,
		"activeLayers": 1,
		"materialTag0": "beamng",
		"order_simset": 0,
		"version": 1.5
	},
	"material_24_kwairk_helly_temp12_on": {
		"name": "material_24_kwairk_helly_temp12_on",
		"class": "Material",
		"mapTo": "material_24_kwairk_helly_temp12_on",
		"Stages": [
			{
				"normalMap": "camso_t_blanknormal.dds",
				"diffuseColor": [ 0.984314, 0.988235, 0.988235, 0.298039 ],
				"roughnessFactor": 0,
				"metallicFactor": 1,
				"opacityFactor": 0.298039,
				"emissiveFactor": [ 1, 1, 1 ],
				"glow": true,
				"useAnisotropic": true
			},
			{
			},
			{
			},
			{
			}
		],
		"alphaRef": 1,
		"alphaTest": true,
		"translucent": true,
		"translucentBlendOp": "AddAlpha",
		"translucentZWrite": false,
		"castShadows": false,
		"translucentRecvShadows": true,
		"dynamicCubemap": true,
		"activeLayers": 1,
		"materialTag0": "beamng",
		"order_simset": 0,
		"version": 1.5
	},
	"material_24_kwairk_helly_temp12_onIntense": {
		"name": "material_24_kwairk_helly_temp12_onIntense",
		"class": "Material",
		"mapTo": "material_24_kwairk_helly_temp12_onIntense",
		"Stages": [
			{
				"normalMap": "camso_t_blanknormal.dds",
				"diffuseColor": [ 0.984314, 0.988235, 0.988235, 0.298039 ],
				"roughnessFactor": 0,
				"metallicFactor": 1,
				"opacityFactor": 0.298039,
				"emissiveFactor": [ 1, 1, 1 ],
				"glow": true,
				"useAnisotropic": true
			},
			{
			},
			{
			},
			{
			}
		],
		"alphaRef": 1,
		"alphaTest": true,
		"translucent": true,
		"translucentBlendOp": "AddAlpha",
		"translucentZWrite": false,
		"castShadows": false,
		"translucentRecvShadows": true,
		"dynamicCubemap": true,
		"activeLayers": 1,
		"materialTag0": "beamng",
		"order_simset": 0,
		"version": 1.5
	},
	"material_25_kwairk_helly_temp12": {
		"name": "material_25_kwairk_helly_temp12",
		"class": "Material",
		"mapTo": "material_25_kwairk_helly_temp12",
		"Stages": [
			{
				"normalMap": "camso_col_0xff8080ff.dds",
				"diffuseColor": [ 1, 0.964706, 0.956863, 1 ],
				"roughnessFactor": 0,
				"metallicFactor": 1
			},
			{
			},
			{
			},
			{
			}
		],
		"alphaRef": 1,
		"alphaTest": true,
		"translucent": false,
		"translucentBlendOp": "None",
		"doubleSided": true,
		"invertBackFaceNormals": true,
		"dynamicCubemap": true,
		"activeLayers": 1,
		"materialTag0": "beamng",
		"order_simset": 0,
		"version": 1.5
	},
	"material_26_kwairk_helly_temp12": {
		"name": "material_26_kwairk_helly_temp12",
		"class": "Material",
		"mapTo": "material_26_kwairk_helly_temp12",
		"Stages": [
			{
				"normalMap": "camso_t_taillightreflector_03_normal.dds",
				"diffuseColor": [ 1, 1, 1, 1 ],
				"roughnessFactor": 0.02,
				"metallicFactor": 1,
				"useAnisotropic": true
			},
			{
			},
			{
			},
			{
			}
		],
		"alphaRef": 1,
		"alphaTest": true,
		"translucent": false,
		"translucentBlendOp": "None",
		"doubleSided": true,
		"invertBackFaceNormals": true,
		"dynamicCubemap": true,
		"activeLayers": 1,
		"materialTag0": "beamng",
		"order_simset": 0,
		"version": 1.5
	},
	"material_26_kwairk_helly_temp12_off": {
		"name": "material_26_kwairk_helly_temp12_off",
		"class": "Material",
		"mapTo": "material_26_kwairk_helly_temp12_off",
		"Stages": [
			{
				"normalMap": "camso_t_taillightreflector_03_normal.dds",
				"diffuseColor": [ 1, 1, 1, 1 ],
				"roughnessFactor": 0.02,
				"metallicFactor": 1,
				"useAnisotropic": true
			},
			{
			},
			{
			},
			{
			}
		],
		"alphaRef": 1,
		"alphaTest": true,
		"translucent": false,
		"translucentBlendOp": "None",
		"doubleSided": true,
		"invertBackFaceNormals": true,
		"dynamicCubemap": true,
		"activeLayers": 1,
		"materialTag0": "beamng",
		"order_simset": 0,
		"version": 1.5
	},
	"material_26_kwairk_helly_temp12_on": {
		"name": "material_26_kwairk_helly_temp12_on",
		"class": "Material",
		"mapTo": "material_26_kwairk_helly_temp12_on",
		"Stages": [
			{
				"normalMap": "camso_t_taillightreflector_03_normal.dds",
				"diffuseColor": [ 1, 1, 1, 1 ],
				"roughnessFactor": 0.02,
				"metallicFactor": 1,
				"emissiveFactor": [ 1, 1, 1 ],
				"glow": true,
				"useAnisotropic": true
			},
			{
			},
			{
			},
			{
			}
		],
		"alphaRef": 1,
		"alphaTest": true,
		"translucent": false,
		"translucentBlendOp": "None",
		"doubleSided": true,
		"invertBackFaceNormals": true,
		"dynamicCubemap": true,
		"activeLayers": 1,
		"materialTag0": "beamng",
		"order_simset": 0,
		"version": 1.5
	},
	"material_26_kwairk_helly_temp12_onIntense": {
		"name": "material_26_kwairk_helly_temp12_onIntense",
		"class": "Material",
		"mapTo": "material_26_kwairk_helly_temp12_onIntense",
		"Stages": [
			{
				"normalMap": "camso_t_taillightreflector_03_normal.dds",
				"diffuseColor": [ 1, 1, 1, 1 ],
				"roughnessFactor": 0.02,
				"metallicFactor": 1,
				"emissiveFactor": [ 1, 1, 1 ],
				"glow": true,
				"useAnisotropic": true
			},
			{
			},
			{
			},
			{
			}
		],
		"alphaRef": 1,
		"alphaTest": true,
		"translucent": false,
		"translucentBlendOp": "None",
		"doubleSided": true,
		"invertBackFaceNormals": true,
		"dynamicCubemap": true,
		"activeLayers": 1,
		"materialTag0": "beamng",
		"order_simset": 0,
		"version": 1.5
	},
	"material_27_kwairk_helly_temp12": {
		"name": "material_27_kwairk_helly_temp12",
		"class": "Material",
		"mapTo": "material_27_kwairk_helly_temp12",
		"Stages": [
			{
				"normalMap": "camso_col_0xff8080ff.dds",
				"diffuseColor": [ 0.247059, 0.247059, 0.247059, 1 ],
				"roughnessFactor": 0.3,
				"metallicFactor": 0
			},
			{
			},
			{
			},
			{
			}
		],
		"alphaRef": 1,
		"alphaTest": true,
		"translucent": false,
		"translucentBlendOp": "None",
		"doubleSided": true,
		"invertBackFaceNormals": true,
		"dynamicCubemap": true,
		"activeLayers": 1,
		"materialTag0": "beamng",
		"order_simset": 0,
		"version": 1.5
	},
	"material_28_kwairk_helly_temp12": {
		"name": "material_28_kwairk_helly_temp12",
		"class": "Material",
		"mapTo": "material_28_kwairk_helly_temp12",
		"Stages": [
			{
				"normalMap": "camso_col_0xff8080ff.dds",
				"diffuseColor": [ 0.0627451, 0.0627451, 0.0627451, 1 ],
				"roughnessFactor": 0,
				"metallicFactor": 0
			},
			{
			},
			{
			},
			{
			}
		],
		"alphaRef": 1,
		"alphaTest": true,
		"translucent": false,
		"translucentBlendOp": "None",
		"doubleSided": true,
		"invertBackFaceNormals": true,
		"dynamicCubemap": true,
		"activeLayers": 1,
		"materialTag0": "beamng",
		"order_simset": 0,
		"version": 1.5
	},
	"material_29_kwairk_helly_temp12": {
		"name": "material_29_kwairk_helly_temp12",
		"class": "Material",
		"mapTo": "material_29_kwairk_helly_temp12",
		"Stages": [
			{
				"normalMap": "camso_t_grille01_n.dds",
				"diffuseColor": [ 0.431373, 0.431373, 0.431373, 0.027451 ],
				"roughnessFactor": 1,
				"metallicFactor": 1,
				"diffuseMap": "camso_t_grille01_h_rbgmask.dds",
				"metallicMap": "camso_t_grille01_h_rbgmask.dds",
				"roughnessMap": "camso_t_grille01_h_i_rbgmask.dds",
				"useAnisotropic": true
			},
			{
			},
			{
			},
			{
			}
		],
		"alphaRef": 1,
		"alphaTest": true,
		"translucent": false,
		"translucentBlendOp": "None",
		"doubleSided": true,
		"invertBackFaceNormals": true,
		"dynamicCubemap": true,
		"activeLayers": 1,
		"materialTag0": "beamng",
		"order_simset": 0,
		"version": 1.5
	},
	"material_30_kwairk_helly_temp12": {
		"name": "material_30_kwairk_helly_temp12",
		"class": "Material",
		"mapTo": "material_30_kwairk_helly_temp12",
		"Stages": [
			{
				"normalMap": "camso_col_0xff8080ff.dds",
				"diffuseColor": [ 0.603922, 0.603922, 0.623529, 1 ],
				"roughnessFactor": 0.03,
				"metallicFactor": 1
			},
			{
			},
			{
			},
			{
			}
		],
		"alphaRef": 1,
		"alphaTest": true,
		"translucent": false,
		"translucentBlendOp": "None",
		"doubleSided": true,
		"invertBackFaceNormals": true,
		"dynamicCubemap": true,
		"activeLayers": 1,
		"materialTag0": "beamng",
		"order_simset": 0,
		"version": 1.5
	},
	"material_31_kwairk_helly_temp12": {
		"name": "material_31_kwairk_helly_temp12",
		"class": "Material",
		"mapTo": "material_31_kwairk_helly_temp12",
		"Stages": [
			{
				"normalMap": "camso_col_0xff8080ff.dds",
				"diffuseColor": [ 0, 0, 0, 1 ],
				"roughnessFactor": 0.3,
				"metallicFactor": 0
			},
			{
			},
			{
			},
			{
			}
		],
		"alphaRef": 1,
		"alphaTest": true,
		"translucent": false,
		"translucentBlendOp": "None",
		"doubleSided": true,
		"invertBackFaceNormals": true,
		"dynamicCubemap": true,
		"activeLayers": 1,
		"materialTag0": "beamng",
		"order_simset": 0,
		"version": 1.5
	},
	"material_32_kwairk_helly_efixturetype__eft_mirror012": {
		"name": "material_32_kwairk_helly_efixturetype__eft_mirror012",
		"class": "Material",
		"mapTo": "material_32_kwairk_helly_efixturetype__eft_mirror012",
		"Stages": [
			{
				"normalMap": "camso_col_0xff8080ff.dds",
				"diffuseColor": [ 0, 0, 0, 1 ],
				"roughnessFactor": 0.3,
				"metallicFactor": 0
			},
			{
			},
			{
			},
			{
			}
		],
		"alphaRef": 1,
		"alphaTest": true,
		"translucent": false,
		"translucentBlendOp": "None",
		"doubleSided": true,
		"invertBackFaceNormals": true,
		"dynamicCubemap": true,
		"activeLayers": 1,
		"materialTag0": "beamng",
		"order_simset": 0,
		"version": 1.5
	},
	"material_33_kwairk_helly_efixturetype__eft_mirror012": {
		"name": "material_33_kwairk_helly_efixturetype__eft_mirror012",
		"class": "Material",
		"mapTo": "material_33_kwairk_helly_efixturetype__eft_mirror012",
		"Stages": [
			{
				"normalMap": "camso_col_0xff8080ff.dds",
				"instanceDiffuse": true,
				"colorPaletteMap": "camso_col_0xffff0000.dds",
				"roughnessFactor": 1,
				"metallicFactor": 1,
				"diffuseColor": [ 1, 1, 1, 1 ]
			},
			{
			},
			{
			},
			{
			}
		],
		"alphaRef": 1,
		"alphaTest": true,
		"translucent": false,
		"translucentBlendOp": "None",
		"doubleSided": true,
		"invertBackFaceNormals": true,
		"dynamicCubemap": true,
		"activeLayers": 1,
		"materialTag0": "beamng",
		"order_simset": 0,
		"version": 1.5
	},
	"material_34_kwairk_helly_efixturetype__eft_mirror012": {
		"name": "material_34_kwairk_helly_efixturetype__eft_mirror012",
		"class": "Material",
		"mapTo": "material_34_kwairk_helly_efixturetype__eft_mirror012",
		"Stages": [
			{
				"normalMap": "camso_col_0xff8080ff.dds",
				"diffuseColor": [ 1, 1, 1, 1 ],
				"roughnessFactor": 0,
				"metallicFactor": 1
			},
			{
			},
			{
			},
			{
			}
		],
		"alphaRef": 1,
		"alphaTest": true,
		"translucent": false,
		"translucentBlendOp": "None",
		"doubleSided": true,
		"invertBackFaceNormals": true,
		"dynamicCubemap": true,
		"activeLayers": 1,
		"materialTag0": "beamng",
		"order_simset": 0,
		"version": 1.5
	},
	"material_35_kwairk_helly_temp16": {
		"name": "material_35_kwairk_helly_temp16",
		"class": "Material",
		"mapTo": "material_35_kwairk_helly_temp16",
		"Stages": [
			{
				"normalMap": "camso_col_0xff8080ff.dds",
				"diffuseColor": [ 0.54902, 0.54902, 0.560784, 1 ],
				"roughnessFactor": 0.03,
				"metallicFactor": 1
			},
			{
			},
			{
			},
			{
			}
		],
		"alphaRef": 1,
		"alphaTest": true,
		"translucent": false,
		"translucentBlendOp": "None",
		"doubleSided": true,
		"invertBackFaceNormals": true,
		"dynamicCubemap": true,
		"activeLayers": 1,
		"materialTag0": "beamng",
		"order_simset": 0,
		"version": 1.5
	},
	"material_36_kwairk_helly_temp16": {
		"name": "material_36_kwairk_helly_temp16",
		"class": "Material",
		"mapTo": "material_36_kwairk_helly_temp16",
		"Stages": [
			{
				"normalMap": "camso_t_taillightreflector_05_normal.dds",
				"diffuseColor": [ 1, 1, 1, 1 ],
				"roughnessFactor": 0,
				"metallicFactor": 0,
				"opacityFactor": 1,
				"useAnisotropic": true
			},
			{
			},
			{
			},
			{
			}
		],
		"alphaRef": 1,
		"alphaTest": true,
		"translucent": true,
		"translucentBlendOp": "PreMulAlpha",
		"translucentZWrite": false,
		"castShadows": false,
		"translucentRecvShadows": true,
		"dynamicCubemap": true,
		"activeLayers": 1,
		"materialTag0": "beamng",
		"order_simset": 0,
		"version": 1.5
	},
	"material_36_kwairk_helly_temp16_off": {
		"name": "material_36_kwairk_helly_temp16_off",
		"class": "Material",
		"mapTo": "material_36_kwairk_helly_temp16_off",
		"Stages": [
			{
				"normalMap": "camso_t_taillightreflector_05_normal.dds",
				"diffuseColor": [ 1, 1, 1, 1 ],
				"roughnessFactor": 0,
				"metallicFactor": 0,
				"opacityFactor": 1,
				"useAnisotropic": true
			},
			{
			},
			{
			},
			{
			}
		],
		"alphaRef": 1,
		"alphaTest": true,
		"translucent": true,
		"translucentBlendOp": "PreMulAlpha",
		"translucentZWrite": false,
		"castShadows": false,
		"translucentRecvShadows": true,
		"dynamicCubemap": true,
		"activeLayers": 1,
		"materialTag0": "beamng",
		"order_simset": 0,
		"version": 1.5
	},
	"material_36_kwairk_helly_temp16_on": {
		"name": "material_36_kwairk_helly_temp16_on",
		"class": "Material",
		"mapTo": "material_36_kwairk_helly_temp16_on",
		"Stages": [
			{
				"normalMap": "camso_t_taillightreflector_05_normal.dds",
				"diffuseColor": [ 1, 1, 1, 1 ],
				"roughnessFactor": 0,
				"metallicFactor": 0,
				"opacityFactor": 1,
				"emissiveFactor": [ 0.990831, 0.990831, 0.990831 ],
				"glow": true,
				"useAnisotropic": true
			},
			{
			},
			{
			},
			{
			}
		],
		"alphaRef": 1,
		"alphaTest": true,
		"translucent": true,
		"translucentBlendOp": "PreMulAlpha",
		"translucentZWrite": false,
		"castShadows": false,
		"translucentRecvShadows": true,
		"dynamicCubemap": true,
		"activeLayers": 1,
		"materialTag0": "beamng",
		"order_simset": 0,
		"version": 1.5
	},
	"material_36_kwairk_helly_temp16_onIntense": {
		"name": "material_36_kwairk_helly_temp16_onIntense",
		"class": "Material",
		"mapTo": "material_36_kwairk_helly_temp16_onIntense",
		"Stages": [
			{
				"normalMap": "camso_t_taillightreflector_05_normal.dds",
				"diffuseColor": [ 1, 1, 1, 1 ],
				"roughnessFactor": 0,
				"metallicFactor": 0,
				"opacityFactor": 1,
				"emissiveFactor": [ 1, 1, 1 ],
				"glow": true,
				"useAnisotropic": true
			},
			{
			},
			{
			},
			{
			}
		],
		"alphaRef": 1,
		"alphaTest": true,
		"translucent": true,
		"translucentBlendOp": "PreMulAlpha",
		"translucentZWrite": false,
		"castShadows": false,
		"translucentRecvShadows": true,
		"dynamicCubemap": true,
		"activeLayers": 1,
		"materialTag0": "beamng",
		"order_simset": 0,
		"version": 1.5
	},
	"material_37_kwairk_helly_temp16": {
		"name": "material_37_kwairk_helly_temp16",
		"class": "Material",
		"mapTo": "material_37_kwairk_helly_temp16",
		"Stages": [
			{
				"normalMap": "camso_alunormal.dds",
				"diffuseColor": [ 0.470588, 0.0666667, 0.0470588, 1 ],
				"roughnessFactor": 0,
				"metallicFactor": 0,
				"opacityFactor": 1,
				"useAnisotropic": true
			},
			{
			},
			{
			},
			{
			}
		],
		"alphaRef": 1,
		"alphaTest": true,
		"translucent": true,
		"translucentBlendOp": "PreMulAlpha",
		"translucentZWrite": false,
		"castShadows": false,
		"translucentRecvShadows": true,
		"dynamicCubemap": true,
		"activeLayers": 1,
		"materialTag0": "beamng",
		"order_simset": 0,
		"version": 1.5
	},
	"material_37_kwairk_helly_temp16_off": {
		"name": "material_37_kwairk_helly_temp16_off",
		"class": "Material",
		"mapTo": "material_37_kwairk_helly_temp16_off",
		"Stages": [
			{
				"normalMap": "camso_alunormal.dds",
				"diffuseColor": [ 0.470588, 0.0666667, 0.0470588, 1 ],
				"roughnessFactor": 0,
				"metallicFactor": 0,
				"opacityFactor": 1,
				"useAnisotropic": true
			},
			{
			},
			{
			},
			{
			}
		],
		"alphaRef": 1,
		"alphaTest": true,
		"translucent": true,
		"translucentBlendOp": "PreMulAlpha",
		"translucentZWrite": false,
		"castShadows": false,
		"translucentRecvShadows": true,
		"dynamicCubemap": true,
		"activeLayers": 1,
		"materialTag0": "beamng",
		"order_simset": 0,
		"version": 1.5
	},
	"material_37_kwairk_helly_temp16_on": {
		"name": "material_37_kwairk_helly_temp16_on",
		"class": "Material",
		"mapTo": "material_37_kwairk_helly_temp16_on",
		"Stages": [
			{
				"normalMap": "camso_alunormal.dds",
				"diffuseColor": [ 0.470588, 0.0666667, 0.0470588, 1 ],
				"roughnessFactor": 0,
				"metallicFactor": 0,
				"opacityFactor": 1,
				"emissiveFactor": [ 0.905694, 0.361288, 0.301898 ],
				"glow": true,
				"useAnisotropic": true
			},
			{
			},
			{
			},
			{
			}
		],
		"alphaRef": 1,
		"alphaTest": true,
		"translucent": true,
		"translucentBlendOp": "PreMulAlpha",
		"translucentZWrite": false,
		"castShadows": false,
		"translucentRecvShadows": true,
		"dynamicCubemap": true,
		"activeLayers": 1,
		"materialTag0": "beamng",
		"order_simset": 0,
		"version": 1.5
	},
	"material_37_kwairk_helly_temp16_onIntense": {
		"name": "material_37_kwairk_helly_temp16_onIntense",
		"class": "Material",
		"mapTo": "material_37_kwairk_helly_temp16_onIntense",
		"Stages": [
			{
				"normalMap": "camso_alunormal.dds",
				"diffuseColor": [ 0.470588, 0.0666667, 0.0470588, 1 ],
				"roughnessFactor": 0,
				"metallicFactor": 0,
				"opacityFactor": 1,
				"emissiveFactor": [ 1, 0.398907, 0.333333 ],
				"glow": true,
				"useAnisotropic": true
			},
			{
			},
			{
			},
			{
			}
		],
		"alphaRef": 1,
		"alphaTest": true,
		"translucent": true,
		"translucentBlendOp": "PreMulAlpha",
		"translucentZWrite": false,
		"castShadows": false,
		"translucentRecvShadows": true,
		"dynamicCubemap": true,
		"activeLayers": 1,
		"materialTag0": "beamng",
		"order_simset": 0,
		"version": 1.5
	},
	"material_38_kwairk_helly_efixturetype__eft_number_plate016": {
		"name": "material_38_kwairk_helly_efixturetype__eft_number_plate016",
		"class": "Material",
		"mapTo": "material_38_kwairk_helly_efixturetype__eft_number_plate016",
		"Stages": [
			{
				"normalMap": "camso_ukplatenormal.dds",
				"diffuseMap": "camso_ukplatef.dds",
				"diffuseColor": [ 1, 1, 1, 1 ],
				"roughnessFactor": 0,
				"metallicFactor": 0,
				"useAnisotropic": true
			},
			{
			},
			{
			},
			{
			}
		],
		"alphaRef": 1,
		"alphaTest": true,
		"translucent": false,
		"translucentBlendOp": "None",
		"doubleSided": true,
		"invertBackFaceNormals": true,
		"dynamicCubemap": true,
		"activeLayers": 1,
		"materialTag0": "beamng",
		"order_simset": 0,
		"version": 1.5
	},
	"material_39_kwairk_helly_temp17": {
		"name": "material_39_kwairk_helly_temp17",
		"class": "Material",
		"mapTo": "material_39_kwairk_helly_temp17",
		"Stages": [
			{
				"normalMap": "_91_kwairk_helly_custom_badge_0159_n_atlas.dds",
				"diffuseMapUseUV": 1,
				"diffuseColor": [ 0.886275, 0.886275, 0.886275, 1 ],
				"opacityMap": "_91_kwairk_helly_custom_badge_0159_atlas.dds",
				"opacityMapUseUV": 1,
				"roughnessFactor": 0.1,
				"metallicFactor": 1,
				"useAnisotropic": true
			},
			{
			},
			{
			},
			{
			}
		],
		"alphaRef": 1,
		"alphaTest": true,
		"translucent": false,
		"translucentBlendOp": "None",
		"castShadows": false,
		"translucentRecvShadows": true,
		"dynamicCubemap": true,
		"activeLayers": 1,
		"materialTag0": "beamng",
		"order_simset": 0,
		"version": 1.5
	},
	"material_42_kwairk_helly_efixturetype__eft_wing017": {
		"name": "material_42_kwairk_helly_efixturetype__eft_wing017",
		"class": "Material",
		"mapTo": "material_42_kwairk_helly_efixturetype__eft_wing017",
		"Stages": [
			{
				"normalMap": "camso_col_0xff8080ff.dds",
				"instanceDiffuse": true,
				"colorPaletteMap": "camso_col_0xffff0000.dds",
				"roughnessFactor": 1,
				"metallicFactor": 1,
				"diffuseColor": [ 1, 1, 1, 1 ]
			},
			{
			},
			{
			},
			{
			}
		],
		"alphaRef": 1,
		"alphaTest": true,
		"translucent": false,
		"translucentBlendOp": "None",
		"doubleSided": true,
		"invertBackFaceNormals": true,
		"dynamicCubemap": true,
		"activeLayers": 1,
		"materialTag0": "beamng",
		"order_simset": 0,
		"version": 1.5
	},
	"material_43_kwairk_helly_temp18": {
		"name": "material_43_kwairk_helly_temp18",
		"class": "Material",
		"mapTo": "material_43_kwairk_helly_temp18",
		"Stages": [
			{
				"normalMap": "camso_col_0xff8080ff.dds",
				"diffuseColor": [ 0.168627, 0.168627, 0.168627, 0 ],
				"roughnessFactor": 0.05,
				"metallicFactor": 0
			},
			{
			},
			{
			},
			{
			}
		],
		"alphaRef": 1,
		"alphaTest": true,
		"translucent": false,
		"translucentBlendOp": "None",
		"doubleSided": true,
		"invertBackFaceNormals": true,
		"dynamicCubemap": true,
		"activeLayers": 1,
		"materialTag0": "beamng",
		"order_simset": 0,
		"version": 1.5
	},
	"material_44_kwairk_helly_temp18": {
		"name": "material_44_kwairk_helly_temp18",
		"class": "Material",
		"mapTo": "material_44_kwairk_helly_temp18",
		"Stages": [
			{
				"normalMap": "camso_col_0xff8080ff.dds",
				"diffuseColor": [ 1, 1, 1, 1 ],
				"roughnessFactor": 0,
				"metallicFactor": 1
			},
			{
			},
			{
			},
			{
			}
		],
		"alphaRef": 1,
		"alphaTest": true,
		"translucent": false,
		"translucentBlendOp": "None",
		"doubleSided": true,
		"invertBackFaceNormals": true,
		"dynamicCubemap": true,
		"activeLayers": 1,
		"materialTag0": "beamng",
		"order_simset": 0,
		"version": 1.5
	},
	"material_45_kwairk_helly_inl_dohc_2_mid_c_2147324954_sectionmesh_inlv_dohc_2_head_mid18": {
		"name": "material_45_kwairk_helly_inl_dohc_2_mid_c_2147324954_sectionmesh_inlv_dohc_2_head_mid18",
		"class": "Material",
		"mapTo": "material_45_kwairk_helly_inl_dohc_2_mid_c_2147324954_sectionmesh_inlv_dohc_2_head_mid18",
		"Stages": [
			{
				"normalMap": "camso_col_0xff8080ff.dds",
				"diffuseColor": [ 0.737255, 0.737255, 0.737255, 1 ],
				"roughnessFactor": 0.25,
				"metallicFactor": 1
			},
			{
			},
			{
			},
			{
			}
		],
		"alphaRef": 1,
		"alphaTest": true,
		"translucent": false,
		"translucentBlendOp": "None",
		"doubleSided": true,
		"invertBackFaceNormals": true,
		"dynamicCubemap": true,
		"activeLayers": 1,
		"materialTag0": "beamng",
		"order_simset": 0,
		"version": 1.5
	},
	"material_46_kwairk_helly_inl_dohc_2_mid_c_2147324954_sectionmesh_inlv_dohc_2_head_mid18": {
		"name": "material_46_kwairk_helly_inl_dohc_2_mid_c_2147324954_sectionmesh_inlv_dohc_2_head_mid18",
		"class": "Material",
		"mapTo": "material_46_kwairk_helly_inl_dohc_2_mid_c_2147324954_sectionmesh_inlv_dohc_2_head_mid18",
		"Stages": [
			{
				"normalMap": "camso_col_0xff8080ff.dds",
				"diffuseColor": [ 0.866667, 0.878431, 0.905882, 1 ],
				"roughnessFactor": 0.9,
				"metallicFactor": 0.4
			},
			{
			},
			{
			},
			{
			}
		],
		"alphaRef": 1,
		"alphaTest": true,
		"translucent": false,
		"translucentBlendOp": "None",
		"doubleSided": true,
		"invertBackFaceNormals": true,
		"dynamicCubemap": true,
		"activeLayers": 1,
		"materialTag0": "beamng",
		"order_simset": 0,
		"version": 1.5
	},
	"material_47_kwairk_helly_inl_dohc_2_mid_c_2147324954_sectionmesh_inlv_dohc_2_head_mid18": {
		"name": "material_47_kwairk_helly_inl_dohc_2_mid_c_2147324954_sectionmesh_inlv_dohc_2_head_mid18",
		"class": "Material",
		"mapTo": "material_47_kwairk_helly_inl_dohc_2_mid_c_2147324954_sectionmesh_inlv_dohc_2_head_mid18",
		"Stages": [
			{
				"normalMap": "camso_col_0xff8080ff.dds",
				"diffuseMap": "camso_threadtester.dds",
				"diffuseColor": [ 0.792157, 0.752941, 0.635294, 1 ],
				"roughnessFactor": 0.4,
				"metallicFactor": 1,
				"useAnisotropic": true
			},
			{
			},
			{
			},
			{
			}
		],
		"alphaRef": 1,
		"alphaTest": true,
		"translucent": false,
		"translucentBlendOp": "None",
		"doubleSided": true,
		"invertBackFaceNormals": true,
		"dynamicCubemap": true,
		"activeLayers": 1,
		"materialTag0": "beamng",
		"order_simset": 0,
		"version": 1.5
	},
	"material_48_kwairk_helly_inl_dohc_2_mid_c_2147324954_sectionmesh_inlv_dohc_2_head_mid18": {
		"name": "material_48_kwairk_helly_inl_dohc_2_mid_c_2147324954_sectionmesh_inlv_dohc_2_head_mid18",
		"class": "Material",
		"mapTo": "material_48_kwairk_helly_inl_dohc_2_mid_c_2147324954_sectionmesh_inlv_dohc_2_head_mid18",
		"Stages": [
			{
				"normalMap": "camso_headfacingnormal.dds",
				"diffuseColor": [ 1, 1, 1, 1 ],
				"roughnessFactor": 0,
				"metallicFactor": 0,
				"useAnisotropic": true
			},
			{
			},
			{
			},
			{
			}
		],
		"alphaRef": 1,
		"alphaTest": true,
		"translucent": false,
		"translucentBlendOp": "None",
		"doubleSided": true,
		"invertBackFaceNormals": true,
		"dynamicCubemap": true,
		"activeLayers": 1,
		"materialTag0": "beamng",
		"order_simset": 0,
		"version": 1.5
	},
	"material_49_kwairk_helly_inl_dohc_2_mid_c_2147324954_sectionmesh_inlv_dohc_2_head_mid18": {
		"name": "material_49_kwairk_helly_inl_dohc_2_mid_c_2147324954_sectionmesh_inlv_dohc_2_head_mid18",
		"class": "Material",
		"mapTo": "material_49_kwairk_helly_inl_dohc_2_mid_c_2147324954_sectionmesh_inlv_dohc_2_head_mid18",
		"Stages": [
			{
				"normalMap": "camso_col_0xff8080ff.dds",
				"diffuseColor": [ 0.94902, 0.854902, 0.639216, 1 ],
				"roughnessFactor": 0.2,
				"metallicFactor": 1
			},
			{
			},
			{
			},
			{
			}
		],
		"alphaRef": 1,
		"alphaTest": true,
		"translucent": false,
		"translucentBlendOp": "None",
		"doubleSided": true,
		"invertBackFaceNormals": true,
		"dynamicCubemap": true,
		"activeLayers": 1,
		"materialTag0": "beamng",
		"order_simset": 0,
		"version": 1.5
	},
	"material_50_kwairk_helly_v_dohc_2_front_left_c_2147324950_sectionmesh_v_dohc_2_head_front_left20": {
		"name": "material_50_kwairk_helly_v_dohc_2_front_left_c_2147324950_sectionmesh_v_dohc_2_head_front_left20",
		"class": "Material",
		"mapTo": "material_50_kwairk_helly_v_dohc_2_front_left_c_2147324950_sectionmesh_v_dohc_2_head_front_left20",
		"Stages": [
			{
				"normalMap": "camso_col_0xff8080ff.dds",
				"diffuseColor": [ 0.6, 0.6, 0.6, 1 ],
				"roughnessFactor": 0.3,
				"metallicFactor": 1
			},
			{
			},
			{
			},
			{
			}
		],
		"alphaRef": 1,
		"alphaTest": true,
		"translucent": false,
		"translucentBlendOp": "None",
		"doubleSided": true,
		"invertBackFaceNormals": true,
		"dynamicCubemap": true,
		"activeLayers": 1,
		"materialTag0": "beamng",
		"order_simset": 0,
		"version": 1.5
	},
	"material_51_kwairk_helly_v_dohc_2_front_left_c_2147324950_sectionmesh_v_dohc_2_head_front_left20": {
		"name": "material_51_kwairk_helly_v_dohc_2_front_left_c_2147324950_sectionmesh_v_dohc_2_head_front_left20",
		"class": "Material",
		"mapTo": "material_51_kwairk_helly_v_dohc_2_front_left_c_2147324950_sectionmesh_v_dohc_2_head_front_left20",
		"Stages": [
			{
				"normalMap": "camso_col_0xff8080ff.dds",
				"diffuseColor": [ 0.0470588, 0.0470588, 0.0470588, 0 ],
				"roughnessFactor": 0,
				"metallicFactor": 0
			},
			{
			},
			{
			},
			{
			}
		],
		"alphaRef": 1,
		"alphaTest": true,
		"translucent": false,
		"translucentBlendOp": "None",
		"dynamicCubemap": true,
		"activeLayers": 1,
		"materialTag0": "beamng",
		"order_simset": 0,
		"version": 1.5
	},
	"material_52_kwairk_helly_inl_dohc_2_rockercover_front_c_2147324949_staticmesh_inl_dohc_2_rockercover_front21": {
		"name": "material_52_kwairk_helly_inl_dohc_2_rockercover_front_c_2147324949_staticmesh_inl_dohc_2_rockercover_front21",
		"class": "Material",
		"mapTo": "material_52_kwairk_helly_inl_dohc_2_rockercover_front_c_2147324949_staticmesh_inl_dohc_2_rockercover_front21",
		"Stages": [
			{
				"normalMap": "camso_col_0xff8080ff.dds",
				"diffuseColor": [ 0.603922, 0.603922, 0.623529, 1 ],
				"roughnessFactor": 1,
				"metallicFactor": 1
			},
			{
			},
			{
			},
			{
			}
		],
		"alphaRef": 1,
		"alphaTest": true,
		"translucent": false,
		"translucentBlendOp": "None",
		"doubleSided": true,
		"invertBackFaceNormals": true,
		"dynamicCubemap": true,
		"activeLayers": 1,
		"materialTag0": "beamng",
		"order_simset": 0,
		"version": 1.5
	},
	"material_53_kwairk_helly_v60_dohc_intake_adapter_c_2147324922_mesh_v60_dohc_intake_adapter55": {
		"name": "material_53_kwairk_helly_v60_dohc_intake_adapter_c_2147324922_mesh_v60_dohc_intake_adapter55",
		"class": "Material",
		"mapTo": "material_53_kwairk_helly_v60_dohc_intake_adapter_c_2147324922_mesh_v60_dohc_intake_adapter55",
		"Stages": [
			{
				"normalMap": "camso_col_0xff8080ff.dds",
				"diffuseColor": [ 0.913725, 0.984314, 1, 1 ],
				"roughnessFactor": 0.19,
				"metallicFactor": 1
			},
			{
			},
			{
			},
			{
			}
		],
		"alphaRef": 1,
		"alphaTest": true,
		"translucent": false,
		"translucentBlendOp": "None",
		"doubleSided": true,
		"invertBackFaceNormals": true,
		"dynamicCubemap": true,
		"activeLayers": 1,
		"materialTag0": "beamng",
		"order_simset": 0,
		"version": 1.5
	},
	"material_54_kwairk_helly_v60_intakemanifold_mpfi_1_midrange_front_c_2147467535_v60_mpfi_injectorplate_front_v60_mpfi_injectorplate_front64": {
		"name": "material_54_kwairk_helly_v60_intakemanifold_mpfi_1_midrange_front_c_2147467535_v60_mpfi_injectorplate_front_v60_mpfi_injectorplate_front64",
		"class": "Material",
		"mapTo": "material_54_kwairk_helly_v60_intakemanifold_mpfi_1_midrange_front_c_2147467535_v60_mpfi_injectorplate_front_v60_mpfi_injectorplate_front64",
		"Stages": [
			{
				"normalMap": "camso_pittedironnormal.dds",
				"diffuseColor": [ 0.517647, 0.521569, 0.513725, 1 ],
				"roughnessFactor": 0.9,
				"metallicFactor": 0.2,
				"useAnisotropic": true
			},
			{
			},
			{
			},
			{
			}
		],
		"alphaRef": 1,
		"alphaTest": true,
		"translucent": false,
		"translucentBlendOp": "None",
		"doubleSided": true,
		"invertBackFaceNormals": true,
		"dynamicCubemap": true,
		"activeLayers": 1,
		"materialTag0": "beamng",
		"order_simset": 0,
		"version": 1.5
	},
	"material_55_kwairk_helly_v60_intakemanifold_mpfi_1_midrange_front_c_2147467535_v60_mpfi_injectorplate_front_v60_mpfi_injectorplate_front64": {
		"name": "material_55_kwairk_helly_v60_intakemanifold_mpfi_1_midrange_front_c_2147467535_v60_mpfi_injectorplate_front_v60_mpfi_injectorplate_front64",
		"class": "Material",
		"mapTo": "material_55_kwairk_helly_v60_intakemanifold_mpfi_1_midrange_front_c_2147467535_v60_mpfi_injectorplate_front_v60_mpfi_injectorplate_front64",
		"Stages": [
			{
				"normalMap": "camso_col_0xff8080ff.dds",
				"diffuseColor": [ 0.74902, 0, 0, 1 ],
				"roughnessFactor": 0,
				"metallicFactor": 0
			},
			{
			},
			{
			},
			{
			}
		],
		"alphaRef": 1,
		"alphaTest": true,
		"translucent": false,
		"translucentBlendOp": "None",
		"doubleSided": true,
		"invertBackFaceNormals": true,
		"dynamicCubemap": true,
		"activeLayers": 1,
		"materialTag0": "beamng",
		"order_simset": 0,
		"version": 1.5
	},
	"material_56_kwairk_helly_v60_ohc_belt_c_2147324750_v_alternator_v_alternator_modern71": {
		"name": "material_56_kwairk_helly_v60_ohc_belt_c_2147324750_v_alternator_v_alternator_modern71",
		"class": "Material",
		"mapTo": "material_56_kwairk_helly_v60_ohc_belt_c_2147324750_v_alternator_v_alternator_modern71",
		"Stages": [
			{
				"normalMap": "camso_alternator_modern_low_m_alternator_modern_normal.dds",
				"diffuseColor": [ 1, 1, 1, 1 ],
				"roughnessFactor": 0,
				"metallicFactor": 0,
				"useAnisotropic": true
			},
			{
			},
			{
			},
			{
			}
		],
		"alphaRef": 1,
		"alphaTest": true,
		"translucent": false,
		"translucentBlendOp": "None",
		"doubleSided": true,
		"invertBackFaceNormals": true,
		"dynamicCubemap": true,
		"activeLayers": 1,
		"materialTag0": "beamng",
		"order_simset": 0,
		"version": 1.5
	},
	"material_57_kwairk_helly_test_small_pulley_gen_variable_pulley_dohc_tensionpulley_right_c_cat_2147324748_pulley_component_inl_dohc_4_tensionpulley73": {
		"name": "material_57_kwairk_helly_test_small_pulley_gen_variable_pulley_dohc_tensionpulley_right_c_cat_2147324748_pulley_component_inl_dohc_4_tensionpulley73",
		"class": "Material",
		"mapTo": "material_57_kwairk_helly_test_small_pulley_gen_variable_pulley_dohc_tensionpulley_right_c_cat_2147324748_pulley_component_inl_dohc_4_tensionpulley73",
		"Stages": [
			{
				"normalMap": "camso_col_0xff8080ff.dds",
				"diffuseColor": [ 0, 0, 0, 0 ],
				"roughnessFactor": 0,
				"metallicFactor": 0
			},
			{
			},
			{
			},
			{
			}
		],
		"alphaRef": 1,
		"alphaTest": true,
		"translucent": false,
		"translucentBlendOp": "None",
		"doubleSided": true,
		"invertBackFaceNormals": true,
		"dynamicCubemap": true,
		"activeLayers": 1,
		"materialTag0": "beamng",
		"order_simset": 0,
		"version": 1.5
	},
	"material_58_kwairk_helly_v60_ohc_belt_c_2147324750_alt_bracket_v60_modern_alt_bracket_v60_modern77": {
		"name": "material_58_kwairk_helly_v60_ohc_belt_c_2147324750_alt_bracket_v60_modern_alt_bracket_v60_modern77",
		"class": "Material",
		"mapTo": "material_58_kwairk_helly_v60_ohc_belt_c_2147324750_alt_bracket_v60_modern_alt_bracket_v60_modern77",
		"Stages": [
			{
				"normalMap": "camso_brackets_low_m_alternator_normal.dds",
				"diffuseColor": [ 1, 1, 1, 1 ],
				"roughnessFactor": 0,
				"metallicFactor": 0,
				"useAnisotropic": true
			},
			{
			},
			{
			},
			{
			}
		],
		"alphaRef": 1,
		"alphaTest": true,
		"translucent": false,
		"translucentBlendOp": "None",
		"doubleSided": true,
		"invertBackFaceNormals": true,
		"dynamicCubemap": true,
		"activeLayers": 1,
		"materialTag0": "beamng",
		"order_simset": 0,
		"version": 1.5
	},
	"material_59_kwairk_helly_v60_v6_headers_short_t_r_c_2147324729_staticmesh_v60_v6_headers_short_t_r78": {
		"name": "material_59_kwairk_helly_v60_v6_headers_short_t_r_c_2147324729_staticmesh_v60_v6_headers_short_t_r78",
		"class": "Material",
		"mapTo": "material_59_kwairk_helly_v60_v6_headers_short_t_r_c_2147324729_staticmesh_v60_v6_headers_short_t_r78",
		"Stages": [
			{
				"normalMap": "camso_pittedironnormal.dds",
				"diffuseColor": [ 0.439216, 0.4, 0.392157, 1 ],
				"roughnessFactor": 0.9,
				"metallicFactor": 0.2,
				"useAnisotropic": true
			},
			{
			},
			{
			},
			{
			}
		],
		"alphaRef": 1,
		"alphaTest": true,
		"translucent": false,
		"translucentBlendOp": "None",
		"doubleSided": true,
		"invertBackFaceNormals": true,
		"dynamicCubemap": true,
		"activeLayers": 1,
		"materialTag0": "beamng",
		"order_simset": 0,
		"version": 1.5
	},
	"material_60_kwairk_helly_v60_v6_headers_short_t_r_c_2147324729_staticmesh_v60_v6_headers_short_t_r78": {
		"name": "material_60_kwairk_helly_v60_v6_headers_short_t_r_c_2147324729_staticmesh_v60_v6_headers_short_t_r78",
		"class": "Material",
		"mapTo": "material_60_kwairk_helly_v60_v6_headers_short_t_r_c_2147324729_staticmesh_v60_v6_headers_short_t_r78",
		"Stages": [
			{
				"normalMap": "camso_weldnormal.dds",
				"diffuseColor": [ 1, 1, 1, 1 ],
				"roughnessFactor": 0,
				"metallicFactor": 1,
				"useAnisotropic": true
			},
			{
			},
			{
			},
			{
			}
		],
		"alphaRef": 1,
		"alphaTest": true,
		"translucent": false,
		"translucentBlendOp": "None",
		"doubleSided": true,
		"invertBackFaceNormals": true,
		"dynamicCubemap": true,
		"activeLayers": 1,
		"materialTag0": "beamng",
		"order_simset": 0,
		"version": 1.5
	},
	"material_61_kwairk_helly_v60_v6_headers_short_t_r_c_2147324729_staticmesh_v60_v6_headers_short_t_r78": {
		"name": "material_61_kwairk_helly_v60_v6_headers_short_t_r_c_2147324729_staticmesh_v60_v6_headers_short_t_r78",
		"class": "Material",
		"mapTo": "material_61_kwairk_helly_v60_v6_headers_short_t_r_c_2147324729_staticmesh_v60_v6_headers_short_t_r78",
		"Stages": [
			{
				"normalMap": "camso_col_0xff8080ff.dds",
				"diffuseColor": [ 1, 1, 1, 1 ],
				"roughnessFactor": 0,
				"metallicFactor": 0.999
			},
			{
			},
			{
			},
			{
			}
		],
		"alphaRef": 1,
		"alphaTest": true,
		"translucent": false,
		"translucentBlendOp": "None",
		"doubleSided": true,
		"invertBackFaceNormals": true,
		"dynamicCubemap": true,
		"activeLayers": 1,
		"materialTag0": "beamng",
		"order_simset": 0,
		"version": 1.5
	},
	"material_62_kwairk_helly_v60_dohc_frontcover_c_2147467513_staticmesh_v60_dohc_frontcover86": {
		"name": "material_62_kwairk_helly_v60_dohc_frontcover_c_2147467513_staticmesh_v60_dohc_frontcover86",
		"class": "Material",
		"mapTo": "material_62_kwairk_helly_v60_dohc_frontcover_c_2147467513_staticmesh_v60_dohc_frontcover86",
		"Stages": [
			{
				"normalMap": "camso_alunormal.dds",
				"diffuseColor": [ 0, 0, 0, 1 ],
				"roughnessFactor": 0.15,
				"metallicFactor": 0,
				"useAnisotropic": true
			},
			{
			},
			{
			},
			{
			}
		],
		"alphaRef": 1,
		"alphaTest": true,
		"translucent": false,
		"translucentBlendOp": "None",
		"doubleSided": true,
		"invertBackFaceNormals": true,
		"dynamicCubemap": true,
		"activeLayers": 1,
		"materialTag0": "beamng",
		"order_simset": 0,
		"version": 1.5
	},
	"material_63_kwairk_helly_v60_dohc_2valve_leads_c_2147324712_cube_distributor_large87": {
		"name": "material_63_kwairk_helly_v60_dohc_2valve_leads_c_2147324712_cube_distributor_large87",
		"class": "Material",
		"mapTo": "material_63_kwairk_helly_v60_dohc_2valve_leads_c_2147324712_cube_distributor_large87",
		"Stages": [
			{
				"normalMap": "camso_col_0xff8080ff.dds",
				"diffuseColor": [ 0.0588235, 0.0588235, 0.0588235, 1 ],
				"roughnessFactor": 0.8,
				"metallicFactor": 0
			},
			{
			},
			{
			},
			{
			}
		],
		"alphaRef": 1,
		"alphaTest": true,
		"translucent": false,
		"translucentBlendOp": "None",
		"doubleSided": true,
		"invertBackFaceNormals": true,
		"dynamicCubemap": true,
		"activeLayers": 1,
		"materialTag0": "beamng",
		"order_simset": 0,
		"version": 1.5
	},
	"material_64_kwairk_helly_v60_block_mid_actor_c_2147324024_sectionmesh_v60_block_middle132": {
		"name": "material_64_kwairk_helly_v60_block_mid_actor_c_2147324024_sectionmesh_v60_block_middle132",
		"class": "Material",
		"mapTo": "material_64_kwairk_helly_v60_block_mid_actor_c_2147324024_sectionmesh_v60_block_middle132",
		"Stages": [
			{
				"normalMap": "camso_col_0xff8080ff.dds",
				"diffuseColor": [ 1, 1, 1, 1 ],
				"roughnessFactor": 0,
				"metallicFactor": 0
			},
			{
			},
			{
			},
			{
			}
		],
		"alphaRef": 1,
		"alphaTest": true,
		"translucent": false,
		"translucentBlendOp": "None",
		"doubleSided": true,
		"invertBackFaceNormals": true,
		"dynamicCubemap": true,
		"activeLayers": 1,
		"materialTag0": "beamng",
		"order_simset": 0,
		"version": 1.5
	},
	"material_65_kwairk_helly_v60_block_mid_actor_c_2147324024_sectionmesh_v60_block_middle132": {
		"name": "material_65_kwairk_helly_v60_block_mid_actor_c_2147324024_sectionmesh_v60_block_middle132",
		"class": "Material",
		"mapTo": "material_65_kwairk_helly_v60_block_mid_actor_c_2147324024_sectionmesh_v60_block_middle132",
		"Stages": [
			{
				"normalMap": "camso_engineblocktophole_01_normal.dds",
				"diffuseColor": [ 0.737255, 0.737255, 0.737255, 1 ],
				"roughnessFactor": 0.25,
				"metallicFactor": 1,
				"useAnisotropic": true
			},
			{
			},
			{
			},
			{
			}
		],
		"alphaRef": 1,
		"alphaTest": true,
		"translucent": false,
		"translucentBlendOp": "None",
		"doubleSided": true,
		"invertBackFaceNormals": true,
		"dynamicCubemap": true,
		"activeLayers": 1,
		"materialTag0": "beamng",
		"order_simset": 0,
		"version": 1.5
	},
	"material_66_kwairk_helly_inl_flying_wheel_01_actor_gen_variable_inl_flying_wheel_01_actor_c_cat_2147324019_inl_flying_wheel_01_mesh_inl_flying_wheel_01137": {
		"name": "material_66_kwairk_helly_inl_flying_wheel_01_actor_gen_variable_inl_flying_wheel_01_actor_c_cat_2147324019_inl_flying_wheel_01_mesh_inl_flying_wheel_01137",
		"class": "Material",
		"mapTo": "material_66_kwairk_helly_inl_flying_wheel_01_actor_gen_variable_inl_flying_wheel_01_actor_c_cat_2147324019_inl_flying_wheel_01_mesh_inl_flying_wheel_01137",
		"Stages": [
			{
				"normalMap": "camso_col_0xff8080ff.dds",
				"diffuseColor": [ 0.737255, 0.737255, 0.737255, 1 ],
				"roughnessFactor": 0.25,
				"metallicFactor": 1
			},
			{
			},
			{
			},
			{
			}
		],
		"alphaRef": 1,
		"alphaTest": true,
		"translucent": false,
		"translucentBlendOp": "None",
		"doubleSided": true,
		"invertBackFaceNormals": true,
		"dynamicCubemap": true,
		"activeLayers": 1,
		"materialTag0": "beamng",
		"order_simset": 0,
		"version": 1.5
	},
	"material_67_kwairk_helly_mainexhaustmesh142": {
		"name": "material_67_kwairk_helly_mainexhaustmesh142",
		"class": "Material",
		"mapTo": "material_67_kwairk_helly_mainexhaustmesh142",
		"Stages": [
			{
				"normalMap": "camso_col_0xff8080ff.dds",
				"diffuseColor": [ 1, 1, 1, 1 ],
				"roughnessFactor": 0,
				"metallicFactor": 1
			},
			{
			},
			{
			},
			{
			}
		],
		"alphaRef": 1,
		"alphaTest": true,
		"translucent": false,
		"translucentBlendOp": "None",
		"doubleSided": true,
		"invertBackFaceNormals": true,
		"dynamicCubemap": true,
		"activeLayers": 1,
		"materialTag0": "beamng",
		"order_simset": 0,
		"version": 1.5
	},
	"material_68_kwairk_helly_temp143": {
		"name": "material_68_kwairk_helly_temp143",
		"class": "Material",
		"mapTo": "material_68_kwairk_helly_temp143",
		"Stages": [
			{
				"normalMap": "camso_col_0xff8080ff.dds",
				"diffuseColor": [ 1, 1, 1, 1 ],
				"roughnessFactor": 0,
				"metallicFactor": 1
			},
			{
			},
			{
			},
			{
			}
		],
		"alphaRef": 1,
		"alphaTest": true,
		"translucent": false,
		"translucentBlendOp": "None",
		"doubleSided": true,
		"invertBackFaceNormals": true,
		"dynamicCubemap": true,
		"activeLayers": 1,
		"materialTag0": "beamng",
		"order_simset": 0,
		"version": 1.5
	},
	"material_69_kwairk_helly_temp143": {
		"name": "material_69_kwairk_helly_temp143",
		"class": "Material",
		"mapTo": "material_69_kwairk_helly_temp143",
		"Stages": [
			{
				"normalMap": "camso_col_0xff8080ff.dds",
				"diffuseColor": [ 0, 0, 0, 1 ],
				"roughnessFactor": 0,
				"metallicFactor": 0
			},
			{
			},
			{
			},
			{
			}
		],
		"alphaRef": 1,
		"alphaTest": true,
		"translucent": false,
		"translucentBlendOp": "None",
		"doubleSided": true,
		"invertBackFaceNormals": true,
		"dynamicCubemap": true,
		"activeLayers": 1,
		"materialTag0": "beamng",
		"order_simset": 0,
		"version": 1.5
	}
}
